{
  "lights": {
    "0": {
      "type": "point",
      "position": [-0.9100000000000004, 2.3, 2.53],
      "intensity": 3.64, 
      "color": [0.93, 0.98, 1]
    },
    "1": {
      "type": "point",
      "position": [-1.4000000000000001, 2.3, -0.17500000000000016],
      "intensity": 3.64, 
      "color": [0.93, 0.98, 1]
    },
    "2": {
      "type": "point",
      "position": [-1.4, 2.3, -2.7750000000000004],
      "intensity": 3.64, 
      "color": [0.93, 0.98, 1]
    },
    "3": {
      "type": "point",
      "position": [6.928, 3.3, 6.849],
      "intensity": 14, 
      "color": [1,1,1]
    },
    "4": {
      "type": "point",
      "position": [7.048, 3.3, 2.3780000000000014],
      "intensity": 23, 
      "color": [1,1,1]
    },
    "5": {
      "type": "point",
      "position": [0.7999999999999996, 1.85, 1.4000000000000004], 
      "intensity": 3.08, 
      "color": [1, 1, 0.95]}, 
    "6": {
      "type": "point",
      "position": [1.5, 1.5, 6.9], 
      "intensity": 3.08, 
      "color": [1, 1, 0.95]}, 
    "7": {
      "type": "point",
      "position": [1.65, 2.6, -2.03], 
      "intensity": -4.2, 
      "color": [1, 1, 1]}, 
    "8": {
      "type": "point",
      "position": [6.06, 2.6, -2.67], 
      "intensity": -8.4, 
      "color": [1, 1, 1]}, 
    "9": {
      "type": "point",
      "position": [0.5999999999999999, 0.7000000000000001, 1.8000000000000003], 
      "intensity": -1.54, 
      "color": [1, 1, 1]}, 
    "10": {
      "type": "point",
      "position": [0.7999999999999995, 0.7000000000000001, 1.0999999999999999], 
      "intensity": -1.54, 
      "color": [1, 1, 1]}, 
    "11": {
      "type": "point",
      "position": [2.5999999999999988, 0.7000000000000001, 5.04448], 
      "intensity": -1.5, 
      "color": [1, 1, 1]}, 
    "12": {
      "type": "point",
      "position": [2.3, 0.5, 8.1], 
      "intensity": -2.2, 
      "color": [1, 1, 1]}, 
    "13": {
      "type": "point",
      "position": [-2.7569999999999997, 0.9000000000000001, -1.1970000000000003], 
      "intensity": -2.1, 
      "color": [1, 1, 1]}, 
    "14": {
      "type": "point",
      "position": [0.3, 0.4, 5.2], 
      "intensity": -1.2, 
      "color": [1, 1, 1]}

  }
}

  